dataset,score,num_clusters,method,trial
darmanis_brain.h5ad,0.3840344753389963,10,spectral,0
darmanis_brain.h5ad,0.6374911182489666,10,kmeans,0
darmanis_brain.h5ad,0.10681511925556278,10,gm,0
darmanis_brain.h5ad,0.42196001195952365,11,spectral,0
darmanis_brain.h5ad,0.5901288839880863,11,kmeans,0
darmanis_brain.h5ad,0.10681511925556278,11,gm,0
darmanis_brain.h5ad,0.38531815359847155,12,spectral,0
darmanis_brain.h5ad,0.5897789865353525,12,kmeans,0
darmanis_brain.h5ad,0.10681511925556278,12,gm,0
darmanis_brain.h5ad,0.37410716780819436,13,spectral,0
darmanis_brain.h5ad,0.5067143250140648,13,kmeans,0
darmanis_brain.h5ad,0.10681511925556278,13,gm,0
darmanis_brain.h5ad,0.31801507722332595,14,spectral,0
darmanis_brain.h5ad,0.5853158540661573,14,kmeans,0
darmanis_brain.h5ad,0.10681511925556278,14,gm,0
darmanis_brain.h5ad,0.27750156943439386,15,spectral,0
darmanis_brain.h5ad,0.6468536583144059,15,kmeans,0
darmanis_brain.h5ad,0.10681511925556278,15,gm,0
darmanis_brain.h5ad,0.26425494806959604,16,spectral,0
darmanis_brain.h5ad,0.5291413062204213,16,kmeans,0
darmanis_brain.h5ad,0.10681511925556278,16,gm,0
darmanis_brain.h5ad,0.22200653141665058,17,spectral,0
darmanis_brain.h5ad,0.5924297239808284,17,kmeans,0
darmanis_brain.h5ad,0.10681511925556278,17,gm,0
darmanis_brain.h5ad,0.2306875398986444,18,spectral,0
darmanis_brain.h5ad,0.6449508658636713,18,kmeans,0
darmanis_brain.h5ad,0.10681511925556278,18,gm,0
darmanis_brain.h5ad,0.2463637496767557,19,spectral,0
darmanis_brain.h5ad,0.6418225844032803,19,kmeans,0
darmanis_brain.h5ad,0.10681511925556278,19,gm,0
darmanis_brain.h5ad,0.3822522790879441,10,spectral,1
darmanis_brain.h5ad,0.6374911182489666,10,kmeans,1
darmanis_brain.h5ad,0.10681511925556278,10,gm,1
darmanis_brain.h5ad,0.3848421867040726,11,spectral,1
darmanis_brain.h5ad,0.5901288839880863,11,kmeans,1
darmanis_brain.h5ad,0.10681511925556278,11,gm,1
darmanis_brain.h5ad,0.40599849378298697,12,spectral,1
darmanis_brain.h5ad,0.5897789865353525,12,kmeans,1
darmanis_brain.h5ad,0.10681511925556278,12,gm,1
darmanis_brain.h5ad,0.37685418683198063,13,spectral,1
darmanis_brain.h5ad,0.5067143250140648,13,kmeans,1
darmanis_brain.h5ad,0.10681511925556278,13,gm,1
darmanis_brain.h5ad,0.360045262779349,14,spectral,1
darmanis_brain.h5ad,0.5853158540661573,14,kmeans,1
darmanis_brain.h5ad,0.10681511925556278,14,gm,1
darmanis_brain.h5ad,0.26725793821457644,15,spectral,1
darmanis_brain.h5ad,0.6468536583144059,15,kmeans,1
darmanis_brain.h5ad,0.10681511925556278,15,gm,1
darmanis_brain.h5ad,0.2575969090991037,16,spectral,1
darmanis_brain.h5ad,0.5291413062204213,16,kmeans,1
darmanis_brain.h5ad,0.10681511925556278,16,gm,1
darmanis_brain.h5ad,0.2506304727994802,17,spectral,1
darmanis_brain.h5ad,0.5924297239808284,17,kmeans,1
darmanis_brain.h5ad,0.10681511925556278,17,gm,1
darmanis_brain.h5ad,0.2371241200899518,18,spectral,1
darmanis_brain.h5ad,0.6449508658636713,18,kmeans,1
darmanis_brain.h5ad,0.10681511925556278,18,gm,1
darmanis_brain.h5ad,0.2516387764759792,19,spectral,1
darmanis_brain.h5ad,0.6418225844032803,19,kmeans,1
darmanis_brain.h5ad,0.10681511925556278,19,gm,1
darmanis_brain.h5ad,0.38199284776583736,10,spectral,2
darmanis_brain.h5ad,0.6374911182489666,10,kmeans,2
darmanis_brain.h5ad,0.10681511925556278,10,gm,2
darmanis_brain.h5ad,0.41349371141427943,11,spectral,2
darmanis_brain.h5ad,0.5901288839880863,11,kmeans,2
darmanis_brain.h5ad,0.10681511925556278,11,gm,2
darmanis_brain.h5ad,0.3605699454025899,12,spectral,2
darmanis_brain.h5ad,0.5897789865353525,12,kmeans,2
darmanis_brain.h5ad,0.10681511925556278,12,gm,2
darmanis_brain.h5ad,0.3853454284447979,13,spectral,2
darmanis_brain.h5ad,0.5067143250140648,13,kmeans,2
darmanis_brain.h5ad,0.10681511925556278,13,gm,2
darmanis_brain.h5ad,0.32314051429010054,14,spectral,2
darmanis_brain.h5ad,0.5853158540661573,14,kmeans,2
darmanis_brain.h5ad,0.10681511925556278,14,gm,2
darmanis_brain.h5ad,0.2566260016744712,15,spectral,2
darmanis_brain.h5ad,0.6468536583144059,15,kmeans,2
darmanis_brain.h5ad,0.10681511925556278,15,gm,2
darmanis_brain.h5ad,0.25693547976481806,16,spectral,2
darmanis_brain.h5ad,0.5291413062204213,16,kmeans,2
darmanis_brain.h5ad,0.10681511925556278,16,gm,2
darmanis_brain.h5ad,0.22030590948676432,17,spectral,2
darmanis_brain.h5ad,0.5924297239808284,17,kmeans,2
darmanis_brain.h5ad,0.10681511925556278,17,gm,2
darmanis_brain.h5ad,0.239180161264007,18,spectral,2
darmanis_brain.h5ad,0.6449508658636713,18,kmeans,2
darmanis_brain.h5ad,0.10681511925556278,18,gm,2
darmanis_brain.h5ad,0.2592213132770476,19,spectral,2
darmanis_brain.h5ad,0.6418225844032803,19,kmeans,2
darmanis_brain.h5ad,0.10681511925556278,19,gm,2
darmanis_brain.h5ad,0.38199284776583736,10,spectral,3
darmanis_brain.h5ad,0.6374911182489666,10,kmeans,3
darmanis_brain.h5ad,0.10681511925556278,10,gm,3
darmanis_brain.h5ad,0.4027667992378047,11,spectral,3
darmanis_brain.h5ad,0.5901288839880863,11,kmeans,3
darmanis_brain.h5ad,0.10681511925556278,11,gm,3
darmanis_brain.h5ad,0.36548593568409216,12,spectral,3
darmanis_brain.h5ad,0.5897789865353525,12,kmeans,3
darmanis_brain.h5ad,0.10681511925556278,12,gm,3
darmanis_brain.h5ad,0.3675541586403109,13,spectral,3
darmanis_brain.h5ad,0.5067143250140648,13,kmeans,3
darmanis_brain.h5ad,0.10681511925556278,13,gm,3
darmanis_brain.h5ad,0.3214117814336322,14,spectral,3
darmanis_brain.h5ad,0.5853158540661573,14,kmeans,3
darmanis_brain.h5ad,0.10681511925556278,14,gm,3
darmanis_brain.h5ad,0.2558727063054203,15,spectral,3
darmanis_brain.h5ad,0.6468536583144059,15,kmeans,3
darmanis_brain.h5ad,0.10681511925556278,15,gm,3
darmanis_brain.h5ad,0.2540175670156341,16,spectral,3
darmanis_brain.h5ad,0.5291413062204213,16,kmeans,3
darmanis_brain.h5ad,0.10681511925556278,16,gm,3
darmanis_brain.h5ad,0.24532705476539488,17,spectral,3
darmanis_brain.h5ad,0.5924297239808284,17,kmeans,3
darmanis_brain.h5ad,0.10681511925556278,17,gm,3
darmanis_brain.h5ad,0.25891455301887834,18,spectral,3
darmanis_brain.h5ad,0.6449508658636713,18,kmeans,3
darmanis_brain.h5ad,0.10681511925556278,18,gm,3
darmanis_brain.h5ad,0.26776450196512463,19,spectral,3
darmanis_brain.h5ad,0.6418225844032803,19,kmeans,3
darmanis_brain.h5ad,0.10681511925556278,19,gm,3
darmanis_brain.h5ad,0.38199284776583736,10,spectral,4
darmanis_brain.h5ad,0.6374911182489666,10,kmeans,4
darmanis_brain.h5ad,0.10681511925556278,10,gm,4
darmanis_brain.h5ad,0.4171178642206901,11,spectral,4
darmanis_brain.h5ad,0.5901288839880863,11,kmeans,4
darmanis_brain.h5ad,0.10681511925556278,11,gm,4
darmanis_brain.h5ad,0.36126773428882114,12,spectral,4
darmanis_brain.h5ad,0.5897789865353525,12,kmeans,4
darmanis_brain.h5ad,0.10681511925556278,12,gm,4
darmanis_brain.h5ad,0.37028233448292464,13,spectral,4
darmanis_brain.h5ad,0.5067143250140648,13,kmeans,4
darmanis_brain.h5ad,0.10681511925556278,13,gm,4
darmanis_brain.h5ad,0.360045262779349,14,spectral,4
darmanis_brain.h5ad,0.5853158540661573,14,kmeans,4
darmanis_brain.h5ad,0.10681511925556278,14,gm,4
darmanis_brain.h5ad,0.2669380427439065,15,spectral,4
darmanis_brain.h5ad,0.6468536583144059,15,kmeans,4
darmanis_brain.h5ad,0.10681511925556278,15,gm,4
darmanis_brain.h5ad,0.2618488730290279,16,spectral,4
darmanis_brain.h5ad,0.5291413062204213,16,kmeans,4
darmanis_brain.h5ad,0.10681511925556278,16,gm,4
darmanis_brain.h5ad,0.22014927802352205,17,spectral,4
darmanis_brain.h5ad,0.5924297239808284,17,kmeans,4
darmanis_brain.h5ad,0.10681511925556278,17,gm,4
darmanis_brain.h5ad,0.22205469685425736,18,spectral,4
darmanis_brain.h5ad,0.6449508658636713,18,kmeans,4
darmanis_brain.h5ad,0.10681511925556278,18,gm,4
darmanis_brain.h5ad,0.24602648513068162,19,spectral,4
darmanis_brain.h5ad,0.6418225844032803,19,kmeans,4
darmanis_brain.h5ad,0.10681511925556278,19,gm,4
romanov_brain.h5ad,0.4536373363792943,10,spectral,0
romanov_brain.h5ad,0.7207009203768316,10,kmeans,0
romanov_brain.h5ad,0.017662805981027055,10,gm,0
romanov_brain.h5ad,0.4063692788561245,11,spectral,0
romanov_brain.h5ad,0.719195472513677,11,kmeans,0
romanov_brain.h5ad,0.017662805981027055,11,gm,0
romanov_brain.h5ad,0.44538254642993147,12,spectral,0
romanov_brain.h5ad,0.558724693909698,12,kmeans,0
romanov_brain.h5ad,0.017662805981027055,12,gm,0
romanov_brain.h5ad,0.4134049137627076,13,spectral,0
romanov_brain.h5ad,0.5784186415827614,13,kmeans,0
romanov_brain.h5ad,0.017662805981027055,13,gm,0
romanov_brain.h5ad,0.41015127416184255,14,spectral,0
romanov_brain.h5ad,0.5094034179869489,14,kmeans,0
romanov_brain.h5ad,0.017662805981027055,14,gm,0
romanov_brain.h5ad,0.4259815852942766,15,spectral,0
romanov_brain.h5ad,0.4353500643056159,15,kmeans,0
romanov_brain.h5ad,0.017662805981027055,15,gm,0
romanov_brain.h5ad,0.4298671729377715,16,spectral,0
romanov_brain.h5ad,0.4577491419969926,16,kmeans,0
romanov_brain.h5ad,0.017662805981027055,16,gm,0
romanov_brain.h5ad,0.42104530879805196,17,spectral,0
romanov_brain.h5ad,0.5628099866325235,17,kmeans,0
romanov_brain.h5ad,0.017662805981027055,17,gm,0
romanov_brain.h5ad,0.4042930830612873,18,spectral,0
romanov_brain.h5ad,0.5547599370817704,18,kmeans,0
romanov_brain.h5ad,0.017662805981027055,18,gm,0
romanov_brain.h5ad,0.3998548562680587,19,spectral,0
romanov_brain.h5ad,0.43633458486852744,19,kmeans,0
romanov_brain.h5ad,0.017662805981027055,19,gm,0
romanov_brain.h5ad,0.4536373363792943,10,spectral,1
romanov_brain.h5ad,0.7207009203768316,10,kmeans,1
romanov_brain.h5ad,0.017662805981027055,10,gm,1
romanov_brain.h5ad,0.4063692788561245,11,spectral,1
romanov_brain.h5ad,0.719195472513677,11,kmeans,1
romanov_brain.h5ad,0.017662805981027055,11,gm,1
romanov_brain.h5ad,0.44538254642993147,12,spectral,1
romanov_brain.h5ad,0.558724693909698,12,kmeans,1
romanov_brain.h5ad,0.017662805981027055,12,gm,1
romanov_brain.h5ad,0.4134049137627076,13,spectral,1
romanov_brain.h5ad,0.5784186415827614,13,kmeans,1
romanov_brain.h5ad,0.017662805981027055,13,gm,1
romanov_brain.h5ad,0.4118059298688322,14,spectral,1
romanov_brain.h5ad,0.5094034179869489,14,kmeans,1
romanov_brain.h5ad,0.017662805981027055,14,gm,1
romanov_brain.h5ad,0.4256935710368193,15,spectral,1
romanov_brain.h5ad,0.4353500643056159,15,kmeans,1
romanov_brain.h5ad,0.017662805981027055,15,gm,1
romanov_brain.h5ad,0.4256878928790948,16,spectral,1
romanov_brain.h5ad,0.4577491419969926,16,kmeans,1
romanov_brain.h5ad,0.017662805981027055,16,gm,1
romanov_brain.h5ad,0.41986793227687025,17,spectral,1
romanov_brain.h5ad,0.5628099866325235,17,kmeans,1
romanov_brain.h5ad,0.017662805981027055,17,gm,1
romanov_brain.h5ad,0.40629535675248396,18,spectral,1
romanov_brain.h5ad,0.5547599370817704,18,kmeans,1
romanov_brain.h5ad,0.017662805981027055,18,gm,1
romanov_brain.h5ad,0.397137712307404,19,spectral,1
romanov_brain.h5ad,0.43633458486852744,19,kmeans,1
romanov_brain.h5ad,0.017662805981027055,19,gm,1
romanov_brain.h5ad,0.45314160279781907,10,spectral,2
romanov_brain.h5ad,0.7207009203768316,10,kmeans,2
romanov_brain.h5ad,0.017662805981027055,10,gm,2
romanov_brain.h5ad,0.4063692788561245,11,spectral,2
romanov_brain.h5ad,0.719195472513677,11,kmeans,2
romanov_brain.h5ad,0.017662805981027055,11,gm,2
romanov_brain.h5ad,0.44538254642993147,12,spectral,2
romanov_brain.h5ad,0.558724693909698,12,kmeans,2
romanov_brain.h5ad,0.017662805981027055,12,gm,2
romanov_brain.h5ad,0.41399364135907507,13,spectral,2
romanov_brain.h5ad,0.5784186415827614,13,kmeans,2
romanov_brain.h5ad,0.017662805981027055,13,gm,2
romanov_brain.h5ad,0.4106460836278672,14,spectral,2
romanov_brain.h5ad,0.5094034179869489,14,kmeans,2
romanov_brain.h5ad,0.017662805981027055,14,gm,2
romanov_brain.h5ad,0.42476764748643087,15,spectral,2
romanov_brain.h5ad,0.4353500643056159,15,kmeans,2
romanov_brain.h5ad,0.017662805981027055,15,gm,2
romanov_brain.h5ad,0.41778652428522295,16,spectral,2
romanov_brain.h5ad,0.4577491419969926,16,kmeans,2
romanov_brain.h5ad,0.017662805981027055,16,gm,2
romanov_brain.h5ad,0.41951522608815656,17,spectral,2
romanov_brain.h5ad,0.5628099866325235,17,kmeans,2
romanov_brain.h5ad,0.017662805981027055,17,gm,2
romanov_brain.h5ad,0.4067083077735313,18,spectral,2
romanov_brain.h5ad,0.5547599370817704,18,kmeans,2
romanov_brain.h5ad,0.017662805981027055,18,gm,2
romanov_brain.h5ad,0.3989082432687286,19,spectral,2
romanov_brain.h5ad,0.43633458486852744,19,kmeans,2
romanov_brain.h5ad,0.017662805981027055,19,gm,2
romanov_brain.h5ad,0.4537624883609978,10,spectral,3
romanov_brain.h5ad,0.7207009203768316,10,kmeans,3
romanov_brain.h5ad,0.017662805981027055,10,gm,3
romanov_brain.h5ad,0.4063692788561245,11,spectral,3
romanov_brain.h5ad,0.719195472513677,11,kmeans,3
romanov_brain.h5ad,0.017662805981027055,11,gm,3
romanov_brain.h5ad,0.44538254642993147,12,spectral,3
romanov_brain.h5ad,0.558724693909698,12,kmeans,3
romanov_brain.h5ad,0.017662805981027055,12,gm,3
romanov_brain.h5ad,0.4137476644122014,13,spectral,3
romanov_brain.h5ad,0.5784186415827614,13,kmeans,3
romanov_brain.h5ad,0.017662805981027055,13,gm,3
romanov_brain.h5ad,0.41130383579537344,14,spectral,3
romanov_brain.h5ad,0.5094034179869489,14,kmeans,3
romanov_brain.h5ad,0.017662805981027055,14,gm,3
romanov_brain.h5ad,0.4259815852942766,15,spectral,3
romanov_brain.h5ad,0.4353500643056159,15,kmeans,3
romanov_brain.h5ad,0.017662805981027055,15,gm,3
romanov_brain.h5ad,0.42956728457042903,16,spectral,3
romanov_brain.h5ad,0.4577491419969926,16,kmeans,3
romanov_brain.h5ad,0.017662805981027055,16,gm,3
romanov_brain.h5ad,0.4192682327573867,17,spectral,3
romanov_brain.h5ad,0.5628099866325235,17,kmeans,3
romanov_brain.h5ad,0.017662805981027055,17,gm,3
romanov_brain.h5ad,0.40685847271324566,18,spectral,3
romanov_brain.h5ad,0.5547599370817704,18,kmeans,3
romanov_brain.h5ad,0.017662805981027055,18,gm,3
romanov_brain.h5ad,0.3949914176474226,19,spectral,3
romanov_brain.h5ad,0.43633458486852744,19,kmeans,3
romanov_brain.h5ad,0.017662805981027055,19,gm,3
romanov_brain.h5ad,0.4524886569297439,10,spectral,4
romanov_brain.h5ad,0.7207009203768316,10,kmeans,4
romanov_brain.h5ad,0.017662805981027055,10,gm,4
romanov_brain.h5ad,0.4063692788561245,11,spectral,4
romanov_brain.h5ad,0.719195472513677,11,kmeans,4
romanov_brain.h5ad,0.017662805981027055,11,gm,4
romanov_brain.h5ad,0.44538254642993147,12,spectral,4
romanov_brain.h5ad,0.558724693909698,12,kmeans,4
romanov_brain.h5ad,0.017662805981027055,12,gm,4
romanov_brain.h5ad,0.41530344271751296,13,spectral,4
romanov_brain.h5ad,0.5784186415827614,13,kmeans,4
romanov_brain.h5ad,0.017662805981027055,13,gm,4
romanov_brain.h5ad,0.4112927179058016,14,spectral,4
romanov_brain.h5ad,0.5094034179869489,14,kmeans,4
romanov_brain.h5ad,0.017662805981027055,14,gm,4
romanov_brain.h5ad,0.4256935710368193,15,spectral,4
romanov_brain.h5ad,0.4353500643056159,15,kmeans,4
romanov_brain.h5ad,0.017662805981027055,15,gm,4
romanov_brain.h5ad,0.41826153785699094,16,spectral,4
romanov_brain.h5ad,0.4577491419969926,16,kmeans,4
romanov_brain.h5ad,0.017662805981027055,16,gm,4
romanov_brain.h5ad,0.42092073125630375,17,spectral,4
romanov_brain.h5ad,0.5628099866325235,17,kmeans,4
romanov_brain.h5ad,0.017662805981027055,17,gm,4
romanov_brain.h5ad,0.4042930830612873,18,spectral,4
romanov_brain.h5ad,0.5547599370817704,18,kmeans,4
romanov_brain.h5ad,0.017662805981027055,18,gm,4
romanov_brain.h5ad,0.34965784860923765,19,spectral,4
romanov_brain.h5ad,0.43633458486852744,19,kmeans,4
romanov_brain.h5ad,0.017662805981027055,19,gm,4
zhong_prefrontal.h5ad,0.09351917192603446,10,spectral,0
zhong_prefrontal.h5ad,0.5269395246947791,10,kmeans,0
zhong_prefrontal.h5ad,0.13245717507282434,10,gm,0
zhong_prefrontal.h5ad,0.11129773049810908,11,spectral,0
zhong_prefrontal.h5ad,0.24880477847141597,11,kmeans,0
zhong_prefrontal.h5ad,0.13245717507282434,11,gm,0
zhong_prefrontal.h5ad,0.14194171921555135,12,spectral,0
zhong_prefrontal.h5ad,0.2979382213728307,12,kmeans,0
zhong_prefrontal.h5ad,0.13245717507282434,12,gm,0
zhong_prefrontal.h5ad,0.1424301954073249,13,spectral,0
zhong_prefrontal.h5ad,0.25325983960221704,13,kmeans,0
zhong_prefrontal.h5ad,0.13245717507282434,13,gm,0
zhong_prefrontal.h5ad,0.1688215162936961,14,spectral,0
zhong_prefrontal.h5ad,0.5582987657773425,14,kmeans,0
zhong_prefrontal.h5ad,0.13245717507282434,14,gm,0
zhong_prefrontal.h5ad,0.1842346380869024,15,spectral,0
zhong_prefrontal.h5ad,0.4754703875040438,15,kmeans,0
zhong_prefrontal.h5ad,0.13245717507282434,15,gm,0
zhong_prefrontal.h5ad,0.17848915394988862,16,spectral,0
zhong_prefrontal.h5ad,0.5006999522347689,16,kmeans,0
zhong_prefrontal.h5ad,0.13245717507282434,16,gm,0
zhong_prefrontal.h5ad,0.10339381805433377,17,spectral,0
zhong_prefrontal.h5ad,0.6691461020959957,17,kmeans,0
zhong_prefrontal.h5ad,0.13245717507282434,17,gm,0
zhong_prefrontal.h5ad,0.11369124984485725,18,spectral,0
zhong_prefrontal.h5ad,0.47303734442759715,18,kmeans,0
zhong_prefrontal.h5ad,0.13245717507282434,18,gm,0
zhong_prefrontal.h5ad,0.10489086598397307,19,spectral,0
zhong_prefrontal.h5ad,0.4641465417325857,19,kmeans,0
zhong_prefrontal.h5ad,0.13245717507282434,19,gm,0
zhong_prefrontal.h5ad,0.12150281746668588,10,spectral,1
zhong_prefrontal.h5ad,0.5269395246947791,10,kmeans,1
zhong_prefrontal.h5ad,0.13245717507282434,10,gm,1
zhong_prefrontal.h5ad,0.11129773049810908,11,spectral,1
zhong_prefrontal.h5ad,0.24880477847141597,11,kmeans,1
zhong_prefrontal.h5ad,0.13245717507282434,11,gm,1
zhong_prefrontal.h5ad,0.15682497396007478,12,spectral,1
zhong_prefrontal.h5ad,0.2979382213728307,12,kmeans,1
zhong_prefrontal.h5ad,0.13245717507282434,12,gm,1
zhong_prefrontal.h5ad,0.1423283367055191,13,spectral,1
zhong_prefrontal.h5ad,0.25325983960221704,13,kmeans,1
zhong_prefrontal.h5ad,0.13245717507282434,13,gm,1
zhong_prefrontal.h5ad,0.14348316781047138,14,spectral,1
zhong_prefrontal.h5ad,0.5582987657773425,14,kmeans,1
zhong_prefrontal.h5ad,0.13245717507282434,14,gm,1
zhong_prefrontal.h5ad,0.19158755398712976,15,spectral,1
zhong_prefrontal.h5ad,0.4754703875040438,15,kmeans,1
zhong_prefrontal.h5ad,0.13245717507282434,15,gm,1
zhong_prefrontal.h5ad,0.17994295482309625,16,spectral,1
zhong_prefrontal.h5ad,0.5006999522347689,16,kmeans,1
zhong_prefrontal.h5ad,0.13245717507282434,16,gm,1
zhong_prefrontal.h5ad,0.08745557131147395,17,spectral,1
zhong_prefrontal.h5ad,0.6691461020959957,17,kmeans,1
zhong_prefrontal.h5ad,0.13245717507282434,17,gm,1
zhong_prefrontal.h5ad,0.12566373651722826,18,spectral,1
zhong_prefrontal.h5ad,0.47303734442759715,18,kmeans,1
zhong_prefrontal.h5ad,0.13245717507282434,18,gm,1
zhong_prefrontal.h5ad,0.09382501633650114,19,spectral,1
zhong_prefrontal.h5ad,0.4641465417325857,19,kmeans,1
zhong_prefrontal.h5ad,0.13245717507282434,19,gm,1
zhong_prefrontal.h5ad,0.07806036476519983,10,spectral,2
zhong_prefrontal.h5ad,0.5269395246947791,10,kmeans,2
zhong_prefrontal.h5ad,0.13245717507282434,10,gm,2
zhong_prefrontal.h5ad,0.11092204856846248,11,spectral,2
zhong_prefrontal.h5ad,0.24880477847141597,11,kmeans,2
zhong_prefrontal.h5ad,0.13245717507282434,11,gm,2
zhong_prefrontal.h5ad,0.16104794783073045,12,spectral,2
zhong_prefrontal.h5ad,0.2979382213728307,12,kmeans,2
zhong_prefrontal.h5ad,0.13245717507282434,12,gm,2
zhong_prefrontal.h5ad,0.14183019534640884,13,spectral,2
zhong_prefrontal.h5ad,0.25325983960221704,13,kmeans,2
zhong_prefrontal.h5ad,0.13245717507282434,13,gm,2
zhong_prefrontal.h5ad,0.14348316781047138,14,spectral,2
zhong_prefrontal.h5ad,0.5582987657773425,14,kmeans,2
zhong_prefrontal.h5ad,0.13245717507282434,14,gm,2
zhong_prefrontal.h5ad,0.17041706652977368,15,spectral,2
zhong_prefrontal.h5ad,0.4754703875040438,15,kmeans,2
zhong_prefrontal.h5ad,0.13245717507282434,15,gm,2
zhong_prefrontal.h5ad,0.1338870485574768,16,spectral,2
zhong_prefrontal.h5ad,0.5006999522347689,16,kmeans,2
zhong_prefrontal.h5ad,0.13245717507282434,16,gm,2
zhong_prefrontal.h5ad,0.1105442934563136,17,spectral,2
zhong_prefrontal.h5ad,0.6691461020959957,17,kmeans,2
zhong_prefrontal.h5ad,0.13245717507282434,17,gm,2
zhong_prefrontal.h5ad,0.10937346455691611,18,spectral,2
zhong_prefrontal.h5ad,0.47303734442759715,18,kmeans,2
zhong_prefrontal.h5ad,0.13245717507282434,18,gm,2
zhong_prefrontal.h5ad,0.11344627542854223,19,spectral,2
zhong_prefrontal.h5ad,0.4641465417325857,19,kmeans,2
zhong_prefrontal.h5ad,0.13245717507282434,19,gm,2
zhong_prefrontal.h5ad,0.12259208041019165,10,spectral,3
zhong_prefrontal.h5ad,0.5269395246947791,10,kmeans,3
zhong_prefrontal.h5ad,0.13245717507282434,10,gm,3
zhong_prefrontal.h5ad,0.11076215687343502,11,spectral,3
zhong_prefrontal.h5ad,0.24880477847141597,11,kmeans,3
zhong_prefrontal.h5ad,0.13245717507282434,11,gm,3
zhong_prefrontal.h5ad,0.16115565114292724,12,spectral,3
zhong_prefrontal.h5ad,0.2979382213728307,12,kmeans,3
zhong_prefrontal.h5ad,0.13245717507282434,12,gm,3
zhong_prefrontal.h5ad,0.14234493357900518,13,spectral,3
zhong_prefrontal.h5ad,0.25325983960221704,13,kmeans,3
zhong_prefrontal.h5ad,0.13245717507282434,13,gm,3
zhong_prefrontal.h5ad,0.1427247714670116,14,spectral,3
zhong_prefrontal.h5ad,0.5582987657773425,14,kmeans,3
zhong_prefrontal.h5ad,0.13245717507282434,14,gm,3
zhong_prefrontal.h5ad,0.18472071278964064,15,spectral,3
zhong_prefrontal.h5ad,0.4754703875040438,15,kmeans,3
zhong_prefrontal.h5ad,0.13245717507282434,15,gm,3
zhong_prefrontal.h5ad,0.1429626706176111,16,spectral,3
zhong_prefrontal.h5ad,0.5006999522347689,16,kmeans,3
zhong_prefrontal.h5ad,0.13245717507282434,16,gm,3
zhong_prefrontal.h5ad,0.16062314452407336,17,spectral,3
zhong_prefrontal.h5ad,0.6691461020959957,17,kmeans,3
zhong_prefrontal.h5ad,0.13245717507282434,17,gm,3
zhong_prefrontal.h5ad,0.09975449665559713,18,spectral,3
zhong_prefrontal.h5ad,0.47303734442759715,18,kmeans,3
zhong_prefrontal.h5ad,0.13245717507282434,18,gm,3
zhong_prefrontal.h5ad,0.12499055075839617,19,spectral,3
zhong_prefrontal.h5ad,0.4641465417325857,19,kmeans,3
zhong_prefrontal.h5ad,0.13245717507282434,19,gm,3
zhong_prefrontal.h5ad,0.11868060838625522,10,spectral,4
zhong_prefrontal.h5ad,0.5269395246947791,10,kmeans,4
zhong_prefrontal.h5ad,0.13245717507282434,10,gm,4
zhong_prefrontal.h5ad,0.11129773049810908,11,spectral,4
zhong_prefrontal.h5ad,0.24880477847141597,11,kmeans,4
zhong_prefrontal.h5ad,0.13245717507282434,11,gm,4
zhong_prefrontal.h5ad,0.16109251777586758,12,spectral,4
zhong_prefrontal.h5ad,0.2979382213728307,12,kmeans,4
zhong_prefrontal.h5ad,0.13245717507282434,12,gm,4
zhong_prefrontal.h5ad,0.1424135983456551,13,spectral,4
zhong_prefrontal.h5ad,0.25325983960221704,13,kmeans,4
zhong_prefrontal.h5ad,0.13245717507282434,13,gm,4
zhong_prefrontal.h5ad,0.14015205749993065,14,spectral,4
zhong_prefrontal.h5ad,0.5582987657773425,14,kmeans,4
zhong_prefrontal.h5ad,0.13245717507282434,14,gm,4
zhong_prefrontal.h5ad,0.19158755398712976,15,spectral,4
zhong_prefrontal.h5ad,0.4754703875040438,15,kmeans,4
zhong_prefrontal.h5ad,0.13245717507282434,15,gm,4
zhong_prefrontal.h5ad,0.17746235080387782,16,spectral,4
zhong_prefrontal.h5ad,0.5006999522347689,16,kmeans,4
zhong_prefrontal.h5ad,0.13245717507282434,16,gm,4
zhong_prefrontal.h5ad,0.09874252612720917,17,spectral,4
zhong_prefrontal.h5ad,0.6691461020959957,17,kmeans,4
zhong_prefrontal.h5ad,0.13245717507282434,17,gm,4
zhong_prefrontal.h5ad,0.14219077568336538,18,spectral,4
zhong_prefrontal.h5ad,0.47303734442759715,18,kmeans,4
zhong_prefrontal.h5ad,0.13245717507282434,18,gm,4
zhong_prefrontal.h5ad,0.10946809509927684,19,spectral,4
zhong_prefrontal.h5ad,0.4641465417325857,19,kmeans,4
zhong_prefrontal.h5ad,0.13245717507282434,19,gm,4
lawlow_pancreas.h5ad,0.05538044464962078,10,spectral,0
lawlow_pancreas.h5ad,0.7607384343872279,10,kmeans,0
lawlow_pancreas.h5ad,0.0025396313731769885,10,gm,0
lawlow_pancreas.h5ad,0.0482837728284246,11,spectral,0
lawlow_pancreas.h5ad,0.7862636212011754,11,kmeans,0
lawlow_pancreas.h5ad,0.0025396313731769885,11,gm,0
lawlow_pancreas.h5ad,0.03512225824379427,12,spectral,0
lawlow_pancreas.h5ad,0.7461791124099475,12,kmeans,0
lawlow_pancreas.h5ad,0.0025396313731769885,12,gm,0
lawlow_pancreas.h5ad,0.035677075843114,13,spectral,0
lawlow_pancreas.h5ad,0.714143279400166,13,kmeans,0
lawlow_pancreas.h5ad,0.0025396313731769885,13,gm,0
lawlow_pancreas.h5ad,0.03493984618736605,14,spectral,0
lawlow_pancreas.h5ad,0.7487686426008868,14,kmeans,0
lawlow_pancreas.h5ad,0.0025396313731769885,14,gm,0
lawlow_pancreas.h5ad,0.048198552786111376,15,spectral,0
lawlow_pancreas.h5ad,0.7555498971621116,15,kmeans,0
lawlow_pancreas.h5ad,0.0025396313731769885,15,gm,0
lawlow_pancreas.h5ad,0.03346800902318452,16,spectral,0
lawlow_pancreas.h5ad,0.7508769280821295,16,kmeans,0
lawlow_pancreas.h5ad,0.0025396313731769885,16,gm,0
lawlow_pancreas.h5ad,0.032667329223776104,17,spectral,0
lawlow_pancreas.h5ad,0.7320016415760519,17,kmeans,0
lawlow_pancreas.h5ad,0.0025396313731769885,17,gm,0
lawlow_pancreas.h5ad,0.029529284560703088,18,spectral,0
lawlow_pancreas.h5ad,0.725125646666611,18,kmeans,0
lawlow_pancreas.h5ad,0.0025396313731769885,18,gm,0
lawlow_pancreas.h5ad,0.035748654746552734,19,spectral,0
lawlow_pancreas.h5ad,0.6564253049041882,19,kmeans,0
lawlow_pancreas.h5ad,0.0025396313731769885,19,gm,0
lawlow_pancreas.h5ad,0.0549023914900303,10,spectral,1
lawlow_pancreas.h5ad,0.7607384343872279,10,kmeans,1
lawlow_pancreas.h5ad,0.0025396313731769885,10,gm,1
lawlow_pancreas.h5ad,0.04768074848948516,11,spectral,1
lawlow_pancreas.h5ad,0.7862636212011754,11,kmeans,1
lawlow_pancreas.h5ad,0.0025396313731769885,11,gm,1
lawlow_pancreas.h5ad,0.03599707620199394,12,spectral,1
lawlow_pancreas.h5ad,0.7461791124099475,12,kmeans,1
lawlow_pancreas.h5ad,0.0025396313731769885,12,gm,1
lawlow_pancreas.h5ad,0.03647004531797014,13,spectral,1
lawlow_pancreas.h5ad,0.714143279400166,13,kmeans,1
lawlow_pancreas.h5ad,0.0025396313731769885,13,gm,1
lawlow_pancreas.h5ad,0.0335854850593885,14,spectral,1
lawlow_pancreas.h5ad,0.7487686426008868,14,kmeans,1
lawlow_pancreas.h5ad,0.0025396313731769885,14,gm,1
lawlow_pancreas.h5ad,0.03456094230095513,15,spectral,1
lawlow_pancreas.h5ad,0.7555498971621116,15,kmeans,1
lawlow_pancreas.h5ad,0.0025396313731769885,15,gm,1
lawlow_pancreas.h5ad,0.03357529149479725,16,spectral,1
lawlow_pancreas.h5ad,0.7508769280821295,16,kmeans,1
lawlow_pancreas.h5ad,0.0025396313731769885,16,gm,1
lawlow_pancreas.h5ad,0.03178458669432284,17,spectral,1
lawlow_pancreas.h5ad,0.7320016415760519,17,kmeans,1
lawlow_pancreas.h5ad,0.0025396313731769885,17,gm,1
lawlow_pancreas.h5ad,0.028985130578893792,18,spectral,1
lawlow_pancreas.h5ad,0.725125646666611,18,kmeans,1
lawlow_pancreas.h5ad,0.0025396313731769885,18,gm,1
lawlow_pancreas.h5ad,0.02958480839324299,19,spectral,1
lawlow_pancreas.h5ad,0.6564253049041882,19,kmeans,1
lawlow_pancreas.h5ad,0.0025396313731769885,19,gm,1
lawlow_pancreas.h5ad,0.05681299680492933,10,spectral,2
lawlow_pancreas.h5ad,0.7607384343872279,10,kmeans,2
lawlow_pancreas.h5ad,0.0025396313731769885,10,gm,2
lawlow_pancreas.h5ad,0.04250340914822403,11,spectral,2
lawlow_pancreas.h5ad,0.7862636212011754,11,kmeans,2
lawlow_pancreas.h5ad,0.0025396313731769885,11,gm,2
lawlow_pancreas.h5ad,0.04028549811583828,12,spectral,2
lawlow_pancreas.h5ad,0.7461791124099475,12,kmeans,2
lawlow_pancreas.h5ad,0.0025396313731769885,12,gm,2
lawlow_pancreas.h5ad,0.035380909723376854,13,spectral,2
lawlow_pancreas.h5ad,0.714143279400166,13,kmeans,2
lawlow_pancreas.h5ad,0.0025396313731769885,13,gm,2
lawlow_pancreas.h5ad,0.03215683496328996,14,spectral,2
lawlow_pancreas.h5ad,0.7487686426008868,14,kmeans,2
lawlow_pancreas.h5ad,0.0025396313731769885,14,gm,2
lawlow_pancreas.h5ad,0.033817870251286734,15,spectral,2
lawlow_pancreas.h5ad,0.7555498971621116,15,kmeans,2
lawlow_pancreas.h5ad,0.0025396313731769885,15,gm,2
lawlow_pancreas.h5ad,0.03243931243144728,16,spectral,2
lawlow_pancreas.h5ad,0.7508769280821295,16,kmeans,2
lawlow_pancreas.h5ad,0.0025396313731769885,16,gm,2
lawlow_pancreas.h5ad,0.03313473189904966,17,spectral,2
lawlow_pancreas.h5ad,0.7320016415760519,17,kmeans,2
lawlow_pancreas.h5ad,0.0025396313731769885,17,gm,2
lawlow_pancreas.h5ad,0.04409680518804189,18,spectral,2
lawlow_pancreas.h5ad,0.725125646666611,18,kmeans,2
lawlow_pancreas.h5ad,0.0025396313731769885,18,gm,2
lawlow_pancreas.h5ad,0.026304461492635305,19,spectral,2
lawlow_pancreas.h5ad,0.6564253049041882,19,kmeans,2
lawlow_pancreas.h5ad,0.0025396313731769885,19,gm,2
lawlow_pancreas.h5ad,0.06661011729096694,10,spectral,3
lawlow_pancreas.h5ad,0.7607384343872279,10,kmeans,3
lawlow_pancreas.h5ad,0.0025396313731769885,10,gm,3
lawlow_pancreas.h5ad,0.04702003064434942,11,spectral,3
lawlow_pancreas.h5ad,0.7862636212011754,11,kmeans,3
lawlow_pancreas.h5ad,0.0025396313731769885,11,gm,3
lawlow_pancreas.h5ad,0.04097436853990898,12,spectral,3
lawlow_pancreas.h5ad,0.7461791124099475,12,kmeans,3
lawlow_pancreas.h5ad,0.0025396313731769885,12,gm,3
lawlow_pancreas.h5ad,0.037890472495603816,13,spectral,3
lawlow_pancreas.h5ad,0.714143279400166,13,kmeans,3
lawlow_pancreas.h5ad,0.0025396313731769885,13,gm,3
lawlow_pancreas.h5ad,0.03356167596840492,14,spectral,3
lawlow_pancreas.h5ad,0.7487686426008868,14,kmeans,3
lawlow_pancreas.h5ad,0.0025396313731769885,14,gm,3
lawlow_pancreas.h5ad,0.050243707174285716,15,spectral,3
lawlow_pancreas.h5ad,0.7555498971621116,15,kmeans,3
lawlow_pancreas.h5ad,0.0025396313731769885,15,gm,3
lawlow_pancreas.h5ad,0.028759390857842758,16,spectral,3
lawlow_pancreas.h5ad,0.7508769280821295,16,kmeans,3
lawlow_pancreas.h5ad,0.0025396313731769885,16,gm,3
lawlow_pancreas.h5ad,0.0332048902045912,17,spectral,3
lawlow_pancreas.h5ad,0.7320016415760519,17,kmeans,3
lawlow_pancreas.h5ad,0.0025396313731769885,17,gm,3
lawlow_pancreas.h5ad,0.03273827344686816,18,spectral,3
lawlow_pancreas.h5ad,0.725125646666611,18,kmeans,3
lawlow_pancreas.h5ad,0.0025396313731769885,18,gm,3
lawlow_pancreas.h5ad,0.04477472514280212,19,spectral,3
lawlow_pancreas.h5ad,0.6564253049041882,19,kmeans,3
lawlow_pancreas.h5ad,0.0025396313731769885,19,gm,3
lawlow_pancreas.h5ad,0.07207010130188518,10,spectral,4
lawlow_pancreas.h5ad,0.7607384343872279,10,kmeans,4
lawlow_pancreas.h5ad,0.0025396313731769885,10,gm,4
lawlow_pancreas.h5ad,0.048970349758008874,11,spectral,4
lawlow_pancreas.h5ad,0.7862636212011754,11,kmeans,4
lawlow_pancreas.h5ad,0.0025396313731769885,11,gm,4
lawlow_pancreas.h5ad,0.03515784729301151,12,spectral,4
lawlow_pancreas.h5ad,0.7461791124099475,12,kmeans,4
lawlow_pancreas.h5ad,0.0025396313731769885,12,gm,4
lawlow_pancreas.h5ad,0.03685661136150065,13,spectral,4
lawlow_pancreas.h5ad,0.714143279400166,13,kmeans,4
lawlow_pancreas.h5ad,0.0025396313731769885,13,gm,4
lawlow_pancreas.h5ad,0.03216586830987291,14,spectral,4
lawlow_pancreas.h5ad,0.7487686426008868,14,kmeans,4
lawlow_pancreas.h5ad,0.0025396313731769885,14,gm,4
lawlow_pancreas.h5ad,0.035516872167404935,15,spectral,4
lawlow_pancreas.h5ad,0.7555498971621116,15,kmeans,4
lawlow_pancreas.h5ad,0.0025396313731769885,15,gm,4
lawlow_pancreas.h5ad,0.03374235585829345,16,spectral,4
lawlow_pancreas.h5ad,0.7508769280821295,16,kmeans,4
lawlow_pancreas.h5ad,0.0025396313731769885,16,gm,4
lawlow_pancreas.h5ad,0.029944497021760465,17,spectral,4
lawlow_pancreas.h5ad,0.7320016415760519,17,kmeans,4
lawlow_pancreas.h5ad,0.0025396313731769885,17,gm,4
lawlow_pancreas.h5ad,0.02829399334119215,18,spectral,4
lawlow_pancreas.h5ad,0.725125646666611,18,kmeans,4
lawlow_pancreas.h5ad,0.0025396313731769885,18,gm,4
lawlow_pancreas.h5ad,0.03280859044573575,19,spectral,4
lawlow_pancreas.h5ad,0.6564253049041882,19,kmeans,4
lawlow_pancreas.h5ad,0.0025396313731769885,19,gm,4
ReprocessedAllenData.h5ad,0.141126871541011,10,spectral,0
ReprocessedAllenData.h5ad,0.26323795895424457,10,kmeans,0
ReprocessedAllenData.h5ad,0.11678359091698073,10,gm,0
ReprocessedAllenData.h5ad,0.17391205620006403,11,spectral,0
ReprocessedAllenData.h5ad,0.35572669771503357,11,kmeans,0
ReprocessedAllenData.h5ad,0.11678359091698073,11,gm,0
ReprocessedAllenData.h5ad,0.21673515217861022,12,spectral,0
ReprocessedAllenData.h5ad,0.3929922676830626,12,kmeans,0
ReprocessedAllenData.h5ad,0.11678359091698073,12,gm,0
ReprocessedAllenData.h5ad,0.16933700469725174,13,spectral,0
ReprocessedAllenData.h5ad,0.21104305079416938,13,kmeans,0
ReprocessedAllenData.h5ad,0.11678359091698073,13,gm,0
ReprocessedAllenData.h5ad,0.2002718053071762,14,spectral,0
ReprocessedAllenData.h5ad,0.41071185051026077,14,kmeans,0
ReprocessedAllenData.h5ad,0.11678359091698073,14,gm,0
ReprocessedAllenData.h5ad,0.20026099071878298,15,spectral,0
ReprocessedAllenData.h5ad,0.4405787875895659,15,kmeans,0
ReprocessedAllenData.h5ad,0.11678359091698073,15,gm,0
ReprocessedAllenData.h5ad,0.1585174381981775,16,spectral,0
ReprocessedAllenData.h5ad,0.22991278605633628,16,kmeans,0
ReprocessedAllenData.h5ad,0.11678359091698073,16,gm,0
ReprocessedAllenData.h5ad,0.11965831684710199,17,spectral,0
ReprocessedAllenData.h5ad,0.338457445979676,17,kmeans,0
ReprocessedAllenData.h5ad,0.11678359091698073,17,gm,0
ReprocessedAllenData.h5ad,0.17209765722616008,18,spectral,0
ReprocessedAllenData.h5ad,0.45093725297034276,18,kmeans,0
ReprocessedAllenData.h5ad,0.11678359091698073,18,gm,0
ReprocessedAllenData.h5ad,0.22626489550551754,19,spectral,0
ReprocessedAllenData.h5ad,0.25863490008382467,19,kmeans,0
ReprocessedAllenData.h5ad,0.11678359091698073,19,gm,0
ReprocessedAllenData.h5ad,0.19297524592712986,10,spectral,1
ReprocessedAllenData.h5ad,0.26323795895424457,10,kmeans,1
ReprocessedAllenData.h5ad,0.11678359091698073,10,gm,1
ReprocessedAllenData.h5ad,0.1741954158633307,11,spectral,1
ReprocessedAllenData.h5ad,0.35572669771503357,11,kmeans,1
ReprocessedAllenData.h5ad,0.11678359091698073,11,gm,1
ReprocessedAllenData.h5ad,0.2240734885526755,12,spectral,1
ReprocessedAllenData.h5ad,0.3929922676830626,12,kmeans,1
ReprocessedAllenData.h5ad,0.11678359091698073,12,gm,1
ReprocessedAllenData.h5ad,0.2093336146770893,13,spectral,1
ReprocessedAllenData.h5ad,0.21104305079416938,13,kmeans,1
ReprocessedAllenData.h5ad,0.11678359091698073,13,gm,1
ReprocessedAllenData.h5ad,0.163036518888888,14,spectral,1
ReprocessedAllenData.h5ad,0.41071185051026077,14,kmeans,1
ReprocessedAllenData.h5ad,0.11678359091698073,14,gm,1
ReprocessedAllenData.h5ad,0.14335363321040825,15,spectral,1
ReprocessedAllenData.h5ad,0.4405787875895659,15,kmeans,1
ReprocessedAllenData.h5ad,0.11678359091698073,15,gm,1
ReprocessedAllenData.h5ad,0.16384045604466843,16,spectral,1
ReprocessedAllenData.h5ad,0.22991278605633628,16,kmeans,1
ReprocessedAllenData.h5ad,0.11678359091698073,16,gm,1
ReprocessedAllenData.h5ad,0.1228940383528235,17,spectral,1
ReprocessedAllenData.h5ad,0.338457445979676,17,kmeans,1
ReprocessedAllenData.h5ad,0.11678359091698073,17,gm,1
ReprocessedAllenData.h5ad,0.1885183311987478,18,spectral,1
ReprocessedAllenData.h5ad,0.45093725297034276,18,kmeans,1
ReprocessedAllenData.h5ad,0.11678359091698073,18,gm,1
ReprocessedAllenData.h5ad,0.1827321108500564,19,spectral,1
ReprocessedAllenData.h5ad,0.25863490008382467,19,kmeans,1
ReprocessedAllenData.h5ad,0.11678359091698073,19,gm,1
ReprocessedAllenData.h5ad,0.19297524592712986,10,spectral,2
ReprocessedAllenData.h5ad,0.26323795895424457,10,kmeans,2
ReprocessedAllenData.h5ad,0.11678359091698073,10,gm,2
ReprocessedAllenData.h5ad,0.17391205620006403,11,spectral,2
ReprocessedAllenData.h5ad,0.35572669771503357,11,kmeans,2
ReprocessedAllenData.h5ad,0.11678359091698073,11,gm,2
ReprocessedAllenData.h5ad,0.2257603321127829,12,spectral,2
ReprocessedAllenData.h5ad,0.3929922676830626,12,kmeans,2
ReprocessedAllenData.h5ad,0.11678359091698073,12,gm,2
ReprocessedAllenData.h5ad,0.17234915882625537,13,spectral,2
ReprocessedAllenData.h5ad,0.21104305079416938,13,kmeans,2
ReprocessedAllenData.h5ad,0.11678359091698073,13,gm,2
ReprocessedAllenData.h5ad,0.16184421863566145,14,spectral,2
ReprocessedAllenData.h5ad,0.41071185051026077,14,kmeans,2
ReprocessedAllenData.h5ad,0.11678359091698073,14,gm,2
ReprocessedAllenData.h5ad,0.16624350753125383,15,spectral,2
ReprocessedAllenData.h5ad,0.4405787875895659,15,kmeans,2
ReprocessedAllenData.h5ad,0.11678359091698073,15,gm,2
ReprocessedAllenData.h5ad,0.18045041760623814,16,spectral,2
ReprocessedAllenData.h5ad,0.22991278605633628,16,kmeans,2
ReprocessedAllenData.h5ad,0.11678359091698073,16,gm,2
ReprocessedAllenData.h5ad,0.17073033656896766,17,spectral,2
ReprocessedAllenData.h5ad,0.338457445979676,17,kmeans,2
ReprocessedAllenData.h5ad,0.11678359091698073,17,gm,2
ReprocessedAllenData.h5ad,0.16088380031366198,18,spectral,2
ReprocessedAllenData.h5ad,0.45093725297034276,18,kmeans,2
ReprocessedAllenData.h5ad,0.11678359091698073,18,gm,2
ReprocessedAllenData.h5ad,0.1702776151946034,19,spectral,2
ReprocessedAllenData.h5ad,0.25863490008382467,19,kmeans,2
ReprocessedAllenData.h5ad,0.11678359091698073,19,gm,2
ReprocessedAllenData.h5ad,0.141126871541011,10,spectral,3
ReprocessedAllenData.h5ad,0.26323795895424457,10,kmeans,3
ReprocessedAllenData.h5ad,0.11678359091698073,10,gm,3
ReprocessedAllenData.h5ad,0.17274224594941567,11,spectral,3
ReprocessedAllenData.h5ad,0.35572669771503357,11,kmeans,3
ReprocessedAllenData.h5ad,0.11678359091698073,11,gm,3
ReprocessedAllenData.h5ad,0.18102020965447152,12,spectral,3
ReprocessedAllenData.h5ad,0.3929922676830626,12,kmeans,3
ReprocessedAllenData.h5ad,0.11678359091698073,12,gm,3
ReprocessedAllenData.h5ad,0.16933700469725174,13,spectral,3
ReprocessedAllenData.h5ad,0.21104305079416938,13,kmeans,3
ReprocessedAllenData.h5ad,0.11678359091698073,13,gm,3
ReprocessedAllenData.h5ad,0.1751197029970026,14,spectral,3
ReprocessedAllenData.h5ad,0.41071185051026077,14,kmeans,3
ReprocessedAllenData.h5ad,0.11678359091698073,14,gm,3
ReprocessedAllenData.h5ad,0.1643473003444585,15,spectral,3
ReprocessedAllenData.h5ad,0.4405787875895659,15,kmeans,3
ReprocessedAllenData.h5ad,0.11678359091698073,15,gm,3
ReprocessedAllenData.h5ad,0.19461745104323613,16,spectral,3
ReprocessedAllenData.h5ad,0.22991278605633628,16,kmeans,3
ReprocessedAllenData.h5ad,0.11678359091698073,16,gm,3
ReprocessedAllenData.h5ad,0.23242382268643486,17,spectral,3
ReprocessedAllenData.h5ad,0.338457445979676,17,kmeans,3
ReprocessedAllenData.h5ad,0.11678359091698073,17,gm,3
ReprocessedAllenData.h5ad,0.19503916763794887,18,spectral,3
ReprocessedAllenData.h5ad,0.45093725297034276,18,kmeans,3
ReprocessedAllenData.h5ad,0.11678359091698073,18,gm,3
ReprocessedAllenData.h5ad,0.22505986291086122,19,spectral,3
ReprocessedAllenData.h5ad,0.25863490008382467,19,kmeans,3
ReprocessedAllenData.h5ad,0.11678359091698073,19,gm,3
ReprocessedAllenData.h5ad,0.141126871541011,10,spectral,4
ReprocessedAllenData.h5ad,0.26323795895424457,10,kmeans,4
ReprocessedAllenData.h5ad,0.11678359091698073,10,gm,4
ReprocessedAllenData.h5ad,0.1741954158633307,11,spectral,4
ReprocessedAllenData.h5ad,0.35572669771503357,11,kmeans,4
ReprocessedAllenData.h5ad,0.11678359091698073,11,gm,4
ReprocessedAllenData.h5ad,0.17872977387629163,12,spectral,4
ReprocessedAllenData.h5ad,0.3929922676830626,12,kmeans,4
ReprocessedAllenData.h5ad,0.11678359091698073,12,gm,4
ReprocessedAllenData.h5ad,0.16886044232755398,13,spectral,4
ReprocessedAllenData.h5ad,0.21104305079416938,13,kmeans,4
ReprocessedAllenData.h5ad,0.11678359091698073,13,gm,4
ReprocessedAllenData.h5ad,0.20421160662298116,14,spectral,4
ReprocessedAllenData.h5ad,0.41071185051026077,14,kmeans,4
ReprocessedAllenData.h5ad,0.11678359091698073,14,gm,4
ReprocessedAllenData.h5ad,0.15304274990728478,15,spectral,4
ReprocessedAllenData.h5ad,0.4405787875895659,15,kmeans,4
ReprocessedAllenData.h5ad,0.11678359091698073,15,gm,4
ReprocessedAllenData.h5ad,0.16473475955690037,16,spectral,4
ReprocessedAllenData.h5ad,0.22991278605633628,16,kmeans,4
ReprocessedAllenData.h5ad,0.11678359091698073,16,gm,4
ReprocessedAllenData.h5ad,0.16250931630412974,17,spectral,4
ReprocessedAllenData.h5ad,0.338457445979676,17,kmeans,4
ReprocessedAllenData.h5ad,0.11678359091698073,17,gm,4
ReprocessedAllenData.h5ad,0.16968052328965344,18,spectral,4
ReprocessedAllenData.h5ad,0.45093725297034276,18,kmeans,4
ReprocessedAllenData.h5ad,0.11678359091698073,18,gm,4
ReprocessedAllenData.h5ad,0.17234618663572068,19,spectral,4
ReprocessedAllenData.h5ad,0.25863490008382467,19,kmeans,4
ReprocessedAllenData.h5ad,0.11678359091698073,19,gm,4
hermann_spermatogenesis.h5ad,0.2517830630343819,10,spectral,0
hermann_spermatogenesis.h5ad,0.2743286456364333,10,kmeans,0
hermann_spermatogenesis.h5ad,0.14179441532096335,10,gm,0
hermann_spermatogenesis.h5ad,0.2407578837499728,11,spectral,0
hermann_spermatogenesis.h5ad,0.24195959335834155,11,kmeans,0
hermann_spermatogenesis.h5ad,0.14179441532096335,11,gm,0
hermann_spermatogenesis.h5ad,0.2641101834297747,12,spectral,0
hermann_spermatogenesis.h5ad,0.2714847083327696,12,kmeans,0
hermann_spermatogenesis.h5ad,0.14179441532096335,12,gm,0
hermann_spermatogenesis.h5ad,0.2518818492265909,13,spectral,0
hermann_spermatogenesis.h5ad,0.2537887941377857,13,kmeans,0
hermann_spermatogenesis.h5ad,0.14179441532096335,13,gm,0
hermann_spermatogenesis.h5ad,0.2272334671019187,14,spectral,0
hermann_spermatogenesis.h5ad,0.25314195221344976,14,kmeans,0
hermann_spermatogenesis.h5ad,0.14179441532096335,14,gm,0
hermann_spermatogenesis.h5ad,0.21652802172554228,15,spectral,0
hermann_spermatogenesis.h5ad,0.2531305633555181,15,kmeans,0
hermann_spermatogenesis.h5ad,0.14179441532096335,15,gm,0
hermann_spermatogenesis.h5ad,0.20386534220328326,16,spectral,0
hermann_spermatogenesis.h5ad,0.25313695592603563,16,kmeans,0
hermann_spermatogenesis.h5ad,0.14179441532096335,16,gm,0
hermann_spermatogenesis.h5ad,0.19549234928978676,17,spectral,0
hermann_spermatogenesis.h5ad,0.2349326569240083,17,kmeans,0
hermann_spermatogenesis.h5ad,0.14179441532096335,17,gm,0
hermann_spermatogenesis.h5ad,0.18952995432880657,18,spectral,0
hermann_spermatogenesis.h5ad,0.236190981388494,18,kmeans,0
hermann_spermatogenesis.h5ad,0.14179441532096335,18,gm,0
hermann_spermatogenesis.h5ad,0.17395856192235956,19,spectral,0
hermann_spermatogenesis.h5ad,0.2914206386936623,19,kmeans,0
hermann_spermatogenesis.h5ad,0.14179441532096335,19,gm,0
hermann_spermatogenesis.h5ad,0.25134319309820435,10,spectral,1
hermann_spermatogenesis.h5ad,0.2743286456364333,10,kmeans,1
hermann_spermatogenesis.h5ad,0.14179441532096335,10,gm,1
hermann_spermatogenesis.h5ad,0.24080986335694962,11,spectral,1
hermann_spermatogenesis.h5ad,0.24195959335834155,11,kmeans,1
hermann_spermatogenesis.h5ad,0.14179441532096335,11,gm,1
hermann_spermatogenesis.h5ad,0.2641101834297747,12,spectral,1
hermann_spermatogenesis.h5ad,0.2714847083327696,12,kmeans,1
hermann_spermatogenesis.h5ad,0.14179441532096335,12,gm,1
hermann_spermatogenesis.h5ad,0.2518818492265909,13,spectral,1
hermann_spermatogenesis.h5ad,0.2537887941377857,13,kmeans,1
hermann_spermatogenesis.h5ad,0.14179441532096335,13,gm,1
hermann_spermatogenesis.h5ad,0.22682231311137988,14,spectral,1
hermann_spermatogenesis.h5ad,0.25314195221344976,14,kmeans,1
hermann_spermatogenesis.h5ad,0.14179441532096335,14,gm,1
hermann_spermatogenesis.h5ad,0.21652687247543081,15,spectral,1
hermann_spermatogenesis.h5ad,0.2531305633555181,15,kmeans,1
hermann_spermatogenesis.h5ad,0.14179441532096335,15,gm,1
hermann_spermatogenesis.h5ad,0.20368655780604034,16,spectral,1
hermann_spermatogenesis.h5ad,0.25313695592603563,16,kmeans,1
hermann_spermatogenesis.h5ad,0.14179441532096335,16,gm,1
hermann_spermatogenesis.h5ad,0.19534508814910428,17,spectral,1
hermann_spermatogenesis.h5ad,0.2349326569240083,17,kmeans,1
hermann_spermatogenesis.h5ad,0.14179441532096335,17,gm,1
hermann_spermatogenesis.h5ad,0.19794847221616949,18,spectral,1
hermann_spermatogenesis.h5ad,0.236190981388494,18,kmeans,1
hermann_spermatogenesis.h5ad,0.14179441532096335,18,gm,1
hermann_spermatogenesis.h5ad,0.1744046836336979,19,spectral,1
hermann_spermatogenesis.h5ad,0.2914206386936623,19,kmeans,1
hermann_spermatogenesis.h5ad,0.14179441532096335,19,gm,1
hermann_spermatogenesis.h5ad,0.25134319309820435,10,spectral,2
hermann_spermatogenesis.h5ad,0.2743286456364333,10,kmeans,2
hermann_spermatogenesis.h5ad,0.14179441532096335,10,gm,2
hermann_spermatogenesis.h5ad,0.24080986335694962,11,spectral,2
hermann_spermatogenesis.h5ad,0.24195959335834155,11,kmeans,2
hermann_spermatogenesis.h5ad,0.14179441532096335,11,gm,2
hermann_spermatogenesis.h5ad,0.2641101834297747,12,spectral,2
hermann_spermatogenesis.h5ad,0.2714847083327696,12,kmeans,2
hermann_spermatogenesis.h5ad,0.14179441532096335,12,gm,2
hermann_spermatogenesis.h5ad,0.2534443672929644,13,spectral,2
hermann_spermatogenesis.h5ad,0.2537887941377857,13,kmeans,2
hermann_spermatogenesis.h5ad,0.14179441532096335,13,gm,2
hermann_spermatogenesis.h5ad,0.22699276644879407,14,spectral,2
hermann_spermatogenesis.h5ad,0.25314195221344976,14,kmeans,2
hermann_spermatogenesis.h5ad,0.14179441532096335,14,gm,2
hermann_spermatogenesis.h5ad,0.21518390476346672,15,spectral,2
hermann_spermatogenesis.h5ad,0.2531305633555181,15,kmeans,2
hermann_spermatogenesis.h5ad,0.14179441532096335,15,gm,2
hermann_spermatogenesis.h5ad,0.20316319063304505,16,spectral,2
hermann_spermatogenesis.h5ad,0.25313695592603563,16,kmeans,2
hermann_spermatogenesis.h5ad,0.14179441532096335,16,gm,2
hermann_spermatogenesis.h5ad,0.19596742919882784,17,spectral,2
hermann_spermatogenesis.h5ad,0.2349326569240083,17,kmeans,2
hermann_spermatogenesis.h5ad,0.14179441532096335,17,gm,2
hermann_spermatogenesis.h5ad,0.1846819420799707,18,spectral,2
hermann_spermatogenesis.h5ad,0.236190981388494,18,kmeans,2
hermann_spermatogenesis.h5ad,0.14179441532096335,18,gm,2
hermann_spermatogenesis.h5ad,0.17429470365286995,19,spectral,2
hermann_spermatogenesis.h5ad,0.2914206386936623,19,kmeans,2
hermann_spermatogenesis.h5ad,0.14179441532096335,19,gm,2
hermann_spermatogenesis.h5ad,0.2517308010043377,10,spectral,3
hermann_spermatogenesis.h5ad,0.2743286456364333,10,kmeans,3
hermann_spermatogenesis.h5ad,0.14179441532096335,10,gm,3
hermann_spermatogenesis.h5ad,0.24271689095155785,11,spectral,3
hermann_spermatogenesis.h5ad,0.24195959335834155,11,kmeans,3
hermann_spermatogenesis.h5ad,0.14179441532096335,11,gm,3
hermann_spermatogenesis.h5ad,0.2641101834297747,12,spectral,3
hermann_spermatogenesis.h5ad,0.2714847083327696,12,kmeans,3
hermann_spermatogenesis.h5ad,0.14179441532096335,12,gm,3
hermann_spermatogenesis.h5ad,0.2516950992800182,13,spectral,3
hermann_spermatogenesis.h5ad,0.2537887941377857,13,kmeans,3
hermann_spermatogenesis.h5ad,0.14179441532096335,13,gm,3
hermann_spermatogenesis.h5ad,0.22682231311137988,14,spectral,3
hermann_spermatogenesis.h5ad,0.25314195221344976,14,kmeans,3
hermann_spermatogenesis.h5ad,0.14179441532096335,14,gm,3
hermann_spermatogenesis.h5ad,0.21607256390229987,15,spectral,3
hermann_spermatogenesis.h5ad,0.2531305633555181,15,kmeans,3
hermann_spermatogenesis.h5ad,0.14179441532096335,15,gm,3
hermann_spermatogenesis.h5ad,0.20309409464739261,16,spectral,3
hermann_spermatogenesis.h5ad,0.25313695592603563,16,kmeans,3
hermann_spermatogenesis.h5ad,0.14179441532096335,16,gm,3
hermann_spermatogenesis.h5ad,0.19493824931942685,17,spectral,3
hermann_spermatogenesis.h5ad,0.2349326569240083,17,kmeans,3
hermann_spermatogenesis.h5ad,0.14179441532096335,17,gm,3
hermann_spermatogenesis.h5ad,0.18966217889085454,18,spectral,3
hermann_spermatogenesis.h5ad,0.236190981388494,18,kmeans,3
hermann_spermatogenesis.h5ad,0.14179441532096335,18,gm,3
hermann_spermatogenesis.h5ad,0.1743584198742811,19,spectral,3
hermann_spermatogenesis.h5ad,0.2914206386936623,19,kmeans,3
hermann_spermatogenesis.h5ad,0.14179441532096335,19,gm,3
hermann_spermatogenesis.h5ad,0.2512910246370915,10,spectral,4
hermann_spermatogenesis.h5ad,0.2743286456364333,10,kmeans,4
hermann_spermatogenesis.h5ad,0.14179441532096335,10,gm,4
hermann_spermatogenesis.h5ad,0.24271689095155785,11,spectral,4
hermann_spermatogenesis.h5ad,0.24195959335834155,11,kmeans,4
hermann_spermatogenesis.h5ad,0.14179441532096335,11,gm,4
hermann_spermatogenesis.h5ad,0.2641101834297747,12,spectral,4
hermann_spermatogenesis.h5ad,0.2714847083327696,12,kmeans,4
hermann_spermatogenesis.h5ad,0.14179441532096335,12,gm,4
hermann_spermatogenesis.h5ad,0.2516950992800182,13,spectral,4
hermann_spermatogenesis.h5ad,0.2537887941377857,13,kmeans,4
hermann_spermatogenesis.h5ad,0.14179441532096335,13,gm,4
hermann_spermatogenesis.h5ad,0.2263760645989974,14,spectral,4
hermann_spermatogenesis.h5ad,0.25314195221344976,14,kmeans,4
hermann_spermatogenesis.h5ad,0.14179441532096335,14,gm,4
hermann_spermatogenesis.h5ad,0.21607941760851188,15,spectral,4
hermann_spermatogenesis.h5ad,0.2531305633555181,15,kmeans,4
hermann_spermatogenesis.h5ad,0.14179441532096335,15,gm,4
hermann_spermatogenesis.h5ad,0.20406660903618146,16,spectral,4
hermann_spermatogenesis.h5ad,0.25313695592603563,16,kmeans,4
hermann_spermatogenesis.h5ad,0.14179441532096335,16,gm,4
hermann_spermatogenesis.h5ad,0.19911918534558185,17,spectral,4
hermann_spermatogenesis.h5ad,0.2349326569240083,17,kmeans,4
hermann_spermatogenesis.h5ad,0.14179441532096335,17,gm,4
hermann_spermatogenesis.h5ad,0.19321500637965378,18,spectral,4
hermann_spermatogenesis.h5ad,0.236190981388494,18,kmeans,4
hermann_spermatogenesis.h5ad,0.14179441532096335,18,gm,4
hermann_spermatogenesis.h5ad,0.17463992181662097,19,spectral,4
hermann_spermatogenesis.h5ad,0.2914206386936623,19,kmeans,4
hermann_spermatogenesis.h5ad,0.14179441532096335,19,gm,4
